,id,word,frequency,duration,reaction_time,response,subject,accuracy
0,102,labber,none,0.4050793650793651,0.7406072000740096,m,1,1
1,163,plond,none,0.5671655328798186,0.6622090999735519,m,1,1
2,175,nergen,none,0.5445804988662132,1.0631218999624252,m,1,1
3,99,bij,HF,0.3325170068027211,0.7518867000471801,z,1,1
4,94,gedaan,HF,0.6245578231292517,0.7488021000754088,z,1,1
5,79,uur,HF,0.3305215419501133,0.5453892999794334,z,1,1
6,60,vallen,HF,0.3511791383219955,0.5673877000808716,z,1,1
7,15,karpers,LF,0.6831292517006803,0.8568581999279559,z,1,1
8,48,balkons,LF,0.7699773242630386,0.7872244999743998,z,1,1
9,30,oker,LF,0.3913151927437642,0.7492642999859527,z,1,1
10,139,stodeum,none,0.6441043083900226,1.3126216999953613,m,1,1
11,154,gefaapt,none,0.8487528344671201,0.7986783001106232,m,1,1
12,39,sjalot,LF,0.5982312925170068,0.8290789000457153,z,1,1
13,83,vraag,HF,0.615827664399093,0.8382292999885976,z,1,1
14,18,deun,LF,0.4665532879818594,0.6904089000308886,m,1,0
15,199,spodiel,none,0.7211791383219954,0.7916095000691712,m,1,1
16,136,kumus,none,0.5232879818594104,0.7459107000613585,m,1,1
17,127,sluinen,none,0.6306575963718821,0.8977479999884963,m,1,1
18,192,megen,none,0.4841723356009071,0.8431900000432506,m,1,1
19,176,kwarp,none,0.5111791383219955,0.8181420000037178,m,1,1
20,51,plan,HF,0.3517687074829932,0.7150497999973595,m,1,0
21,80,eigen,HF,0.4820181405895692,0.6349067999981344,m,1,0
22,156,loedsels,none,0.7686848072562358,0.9115743000293149,m,1,1
23,37,rogge,LF,0.4180952380952381,0.8127300998894498,z,1,1
24,6,puien,LF,0.3691156462585034,0.8279829000821337,z,1,1
25,142,gardien,none,0.5500680272108843,0.7403159000677988,m,1,1
26,58,heren,HF,0.4917006802721088,1.0140985000180078,z,1,1
27,194,pruit,none,0.6024716553287982,0.7907168000238016,m,1,1
28,35,margriet,LF,0.6709297052154195,0.9392666000640021,z,1,1
29,150,knaarde,none,0.5770975056689343,0.8375130000058562,m,1,1
30,10,sikkels,LF,0.7240136054421769,0.9544823999749495,z,1,1
31,87,ging,HF,0.39673469387755106,0.765062699909322,z,1,1
32,8,ratels,LF,0.8842857142857142,0.9246525999624282,z,1,1
33,165,tombel,none,0.4472108843537415,0.6679981000488624,m,1,1
34,158,rufel,none,0.5402267573696146,0.7288613000418991,m,1,1
35,74,help,HF,0.4439455782312925,0.6767685000086203,z,1,1
36,1,buidels,LF,0.7648752834467121,0.6663822000846267,z,1,1
37,63,begin,HF,0.4794784580498866,0.9946964000118896,z,1,1
38,190,ploe,none,0.23392290249433104,0.4566171000478789,z,1,0
39,72,lekker,HF,0.3890249433106576,0.6179489999776706,z,1,1
40,91,hele,HF,0.4885714285714286,1.034248000010848,z,1,1
41,98,had,HF,0.44421768707483,0.5170436999760568,z,1,1
42,67,plaats,HF,0.6054195011337868,0.5718487000558525,z,1,1
43,155,pals,none,0.4868707482993198,0.7791188000701368,m,1,1
44,64,bezig,HF,0.6209523809523809,0.8725727000273764,z,1,1
45,106,slont,none,0.6466666666666666,0.9233331999275832,m,1,1
46,38,sfinxen,LF,0.6166213151927438,0.8506193000357598,z,1,1
47,184,rieve,none,0.4558049886621315,0.8821177999489009,m,1,1
48,131,rogenten,none,0.6747845804988662,0.8906630000565201,m,1,1
49,146,gewunnen,none,0.5544671201814059,0.8532346000429243,m,1,1
50,40,topaas,LF,0.75421768707483,0.8120021999347955,z,1,1
51,135,vlorken,none,0.5808390022675737,0.789507000008598,m,1,1
52,130,bralat,none,0.6842176870748299,0.7602171000326052,m,1,1
53,140,murselein,none,0.7366666666666667,0.7804176000645384,m,1,1
54,125,kabrieken,none,0.5446485260770975,0.698205899912864,m,1,1
55,124,vebras,none,0.8917233560090703,1.1914523999439552,m,1,1
56,200,fankel,none,0.5785260770975057,0.6379141999641433,m,1,1
57,17,clusters,LF,0.7289569160997732,0.7182155000045896,z,1,1
58,169,plin,none,0.31798185941043083,0.7606820000801235,m,1,1
59,115,liek,none,0.4517687074829932,0.9385484999511392,m,1,1
60,14,juffen,LF,0.4445124716553288,0.6971808000234887,z,1,1
61,7,rafel,LF,0.5744217687074828,1.007694200030528,z,1,1
62,46,lijsters,LF,0.7591836734693878,0.65544190001674,z,1,1
63,43,stengels,LF,0.7586621315192744,0.9645401999587192,z,1,1
64,31,porde,LF,0.3671201814058957,0.9763781999936328,z,1,1
65,44,stram,LF,0.5876190476190476,0.8586087999865413,z,1,1
66,138,glaf,none,0.5436281179138323,0.9085405999794602,z,1,0
67,25,ambten,LF,0.3910430839002267,0.7210039000492543,z,1,1
68,147,kuukt,none,0.4436734693877551,1.2683015998918563,m,1,1
69,12,barse,LF,0.5087755102040816,0.9817322000162676,z,1,1
70,22,spurt,LF,0.6664625850340136,0.8465646000113338,m,1,0
71,129,grantel,none,0.6137414965986394,0.8660229999804869,m,1,1
72,69,sta,HF,0.4588888888888889,0.8600914999842644,z,1,1
73,16,snert,LF,0.6224489795918368,1.0292048000264913,z,1,1
74,145,bezans,none,0.7936507936507936,0.8675802999641746,m,1,1
75,59,redden,HF,0.3632426303854875,0.6978560000425205,z,1,1
76,65,zoek,HF,0.4944671201814059,0.7604650999419391,z,1,1
77,178,gimmel,none,0.4918140589569161,0.7605473999865353,m,1,1
78,9,reigers,LF,0.7401587301587301,0.9172048000618817,z,1,1
79,185,drintels,none,0.7725396825396825,0.6714582999702543,m,1,1
80,109,giep,none,0.4608390022675737,0.7685668000485748,m,1,1
81,73,gemaakt,HF,0.8008390022675737,0.7447211999678984,z,1,1
82,152,grede,none,0.5429478458049887,0.8899337999755517,m,1,1
83,182,hormen,none,0.3752380952380953,0.6797465999843553,m,1,1
84,104,goont,none,0.6195918367346939,0.7948767000343651,m,1,1
85,62,gaf,HF,0.5007256235827664,0.7553500999929383,z,1,1
86,133,gefruld,none,0.88281179138322,0.7954793999670073,m,1,1
87,117,groeken,none,0.4692290249433106,0.7518108000513166,m,1,1
88,137,smaan,none,0.5507256235827664,0.8383961999788879,m,1,1
89,148,kadders,none,0.5390929705215419,0.6692795000271872,m,1,1
90,157,udel,none,0.35630385487528343,0.8206787999952212,m,1,1
91,97,zeg,HF,0.488843537414966,0.8517736999783665,z,1,1
92,70,juist,HF,0.5870521541950113,1.0046744999708608,z,1,1
93,36,metrum,LF,0.5541950113378685,0.6917683999054134,z,1,1
94,132,fradingo,none,0.7437868480725623,0.7299653999507427,m,1,1
95,189,trorg,none,0.5636507936507936,0.7606376999756321,m,1,1
96,96,zit,HF,0.45421768707483,0.7522757999831811,z,1,1
97,105,jugen,none,0.5052607709750567,0.6679018000140786,m,1,1
98,86,idee,HF,0.4575056689342404,0.6870692999800667,z,1,1
99,164,snoen,none,0.490702947845805,0.7389492000220343,m,1,1
100,171,glijp,none,0.5592290249433106,0.8149650000268593,m,1,1
101,61,los,HF,0.5018140589569161,0.7306711000856012,z,1,1
102,116,plenk,none,0.4568707482993197,0.6233000999782234,m,1,1
103,71,ogen,HF,0.4824036281179138,0.9860462999204174,z,1,1
104,134,vrijk,none,0.6648526077097505,0.7778330999426544,m,1,1
105,159,rastel,none,0.6509297052154195,0.8716559000313282,m,1,1
106,118,prookt,none,0.6648299319727892,0.6250624000094831,z,1,0
107,122,bluit,none,0.7464399092970522,0.7843678999925032,m,1,1
108,100,kom,HF,0.2878458049886621,0.8960540000116453,z,1,1
109,103,brum,none,0.34331065759637186,0.6120064000133425,m,1,1
110,121,nammer,none,0.3958503401360544,0.6705879999790341,m,1,1
111,53,boek,HF,0.4394104308390023,0.6246979999123141,z,1,1
112,19,etui,LF,0.4205895691609977,0.6495796999661252,z,1,1
113,197,zerder,none,0.5083673469387755,0.6619587000459433,m,1,1
114,49,bonkte,LF,0.4835600907029479,0.9152622999390588,z,1,1
115,24,wrongel,LF,0.5386848072562358,0.8164484999142587,m,1,0
116,162,gebeikt,none,0.8473469387755102,0.9393530000234024,m,1,1
117,68,soort,HF,0.6407256235827664,0.7659086999483407,z,1,1
118,89,geweest,HF,0.7779138321995465,0.9185036000562832,z,1,1
119,179,monen,none,0.4788888888888889,1.352638299926184,m,1,1
120,88,werd,HF,0.4824263038548753,0.7229959999676794,z,1,1
121,181,herken,none,0.5039455782312925,0.6513233000878245,z,1,0
122,128,kandola,none,0.5002040816326531,0.7251013000495732,m,1,1
123,76,wachten,HF,0.4697052154195011,0.6358357999706641,z,1,1
124,23,strotten,LF,0.5194104308390023,1.0190023999894038,z,1,1
125,85,zag,HF,0.4990476190476191,0.8835226000519469,z,1,1
126,4,polders,LF,0.5961678004535147,0.6891191999893636,z,1,1
127,75,vroeg,HF,0.5487074829931973,0.8869270000141114,z,1,1
128,5,ponten,LF,0.4158956916099773,0.9610255999723448,z,1,1
129,141,kimensie,none,0.6669841269841271,0.9734712999779732,m,1,1
130,119,doppel,none,0.39312925170068025,0.8126337999710813,m,1,1
131,82,morgen,HF,0.4886621315192744,0.6748960999539122,z,1,1
132,66,wakker,HF,0.4293424036281179,0.7910689000273123,z,1,1
133,42,lome,LF,0.4866893424036281,0.7357039999915287,m,1,0
134,198,snarpen,none,0.6049886621315193,0.868083699955605,m,1,1
135,20,schoffels,LF,0.7928571428571428,0.7891303999349475,z,1,1
136,110,women,none,0.4578684807256236,0.8089709000196308,m,1,1
137,81,krijg,HF,0.5826757369614513,0.818587200017646,z,1,1
138,161,gietsen,none,0.5158276643990929,0.8191346999956295,m,1,1
139,180,kijs,none,0.5234920634920635,0.6841089999070391,m,1,1
140,26,beitels,LF,0.7305895691609977,0.7927829999243841,z,1,1
141,186,brad,none,0.4661451247165533,0.8532728999853134,m,1,1
142,47,venkel,LF,0.5343537414965986,0.6817517000017688,z,1,1
143,120,verke,none,0.5179818594104308,1.0309552000835538,m,1,1
144,77,hen,HF,0.3445124716553288,0.8135517999762669,z,1,1
145,92,moeder,HF,0.4240362811791383,0.6070648999884725,z,1,1
146,170,moksen,none,0.514172335600907,0.848275399999693,m,1,1
147,193,nef,none,0.4258730158730159,0.8037088999990374,m,1,1
148,160,jaat,none,0.6259183673469387,0.9842342999763788,m,1,1
149,11,stekken,LF,0.4987074829931973,0.8308037999086082,m,1,0
150,195,pirrel,none,0.36117913832199533,0.742528900038451,m,1,1
151,90,wist,HF,0.5760997732426304,0.8319925999967381,z,1,1
152,33,woei,LF,0.3439455782312925,0.8498203000053763,z,1,1
153,183,zuun,none,0.4292517006802721,0.7231283000437543,m,1,1
154,13,gevels,LF,0.8220181405895691,1.0250187000492588,z,1,1
155,101,millag,none,0.5752380952380952,0.8518965999828652,m,1,1
156,95,dood,HF,0.5565986394557824,0.7233677000040188,z,1,1
157,126,zelijk,none,0.7470521541950114,1.182767300051637,m,1,1
158,188,klaam,none,0.4651700680272109,0.7005297999130562,m,1,1
159,56,hard,HF,0.4832879818594104,0.5810011000139639,z,1,1
160,149,leumen,none,0.4952834467120181,0.6987912999466062,m,1,1
161,55,recht,HF,0.5463718820861678,0.6376959999324754,z,1,1
162,113,vroel,none,0.5116326530612245,1.30393640010152,m,1,1
163,174,bluurde,none,0.4874149659863946,1.2279173999559134,m,1,1
164,153,entel,none,0.5228344671201814,0.8667404999723658,z,1,0
165,167,pectars,none,0.6901814058956917,0.8273695999523625,m,1,1
166,34,gonsde,LF,0.6049886621315193,1.1625678000273183,m,1,0
167,191,darboen,none,0.6270975056689342,0.7652590000070632,m,1,1
168,32,suste,LF,0.6104761904761905,0.9376363001065328,z,1,1
169,21,schuiten,LF,0.6056009070294784,1.2890048000263048,m,1,0
170,41,zolders,LF,0.7216780045351474,0.867245199973695,z,1,1
171,151,plirken,none,0.5466893424036281,0.711678700055927,m,1,1
172,50,gisten,LF,0.5466213151927438,1.16282600001432,z,1,1
173,196,rokan,none,0.6312244897959184,0.9554561000550166,m,1,1
174,114,gesmalpt,none,0.8913605442176871,1.051050899899565,m,1,1
175,93,dacht,HF,0.4514512471655329,1.0059608999872578,z,1,1
176,166,mijk,none,0.5443537414965987,0.8917970999609679,m,1,1
177,144,ant,none,0.4819501133786848,0.9971953000640496,m,1,1
178,57,reden,HF,0.4158049886621315,0.766962599940598,z,1,1
179,3,imams,LF,0.653968253968254,0.7930654999800026,z,1,1
180,111,kormel,none,0.4885487528344672,0.7407917999662459,m,1,1
181,78,open,HF,0.3699092970521542,0.6816685000667349,z,1,1
182,112,breent,none,0.6899546485260771,1.052511400077492,m,1,1
183,45,grief,LF,0.5177777777777778,0.8453774000518024,z,1,1
184,108,geslonden,none,0.7017006802721089,1.0107931999955326,m,1,1
185,143,rakot,none,0.6866439909297052,0.7336431000148878,m,1,1
186,168,stiraal,none,0.7700453514739231,1.0526342999655751,m,1,1
187,54,baby,HF,0.4545578231292517,0.7029580000089481,z,1,1
188,52,hield,HF,0.5931519274376417,0.8168251999886706,z,1,1
189,173,klaap,none,0.5418140589569161,0.7786008999682963,m,1,1
190,27,flans,LF,0.6479591836734694,0.9674603999592364,m,1,0
191,172,vlump,none,0.573469387755102,0.7921023999806494,m,1,1
192,29,lanen,LF,0.5240136054421769,0.8719207999529317,m,1,0
193,2,hese,LF,0.5392517006802721,0.7636876999167725,z,1,1
194,28,klavier,LF,0.6192970521541951,0.92267549992539,z,1,1
195,107,gals,none,0.6466213151927438,0.9096433999948204,m,1,1
196,187,gevupt,none,0.6875963718820862,0.8717841999605298,m,1,1
197,177,rons,none,0.5964625850340136,0.8594224000116809,m,1,1
198,123,kiemeten,none,0.6588888888888889,0.961055799969472,m,1,1
199,84,auto,HF,0.4550793650793651,0.6900070999981835,z,1,1
0,80,eigen,HF,0.4820181405895692,0.8078974999953061,z,2,1
1,188,klaam,none,0.4651700680272109,0.8049671000335366,m,2,1
2,67,plaats,HF,0.6054195011337868,0.6959083999972789,z,2,1
3,169,plin,none,0.31798185941043083,0.6916803999338299,m,2,1
4,155,pals,none,0.4868707482993198,0.6620888001052663,m,2,1
5,124,vebras,none,0.8917233560090703,0.7725541000254452,m,2,1
6,107,gals,none,0.6466213151927438,0.6717696000123397,m,2,1
7,85,zag,HF,0.4990476190476191,0.8862412000307813,z,2,1
8,153,entel,none,0.5228344671201814,0.6023345999419689,m,2,1
9,115,liek,none,0.4517687074829932,0.693751799990423,m,2,1
10,183,zuun,none,0.4292517006802721,0.6116417999146506,m,2,1
11,129,grantel,none,0.6137414965986394,0.6006307000061497,m,2,1
12,138,glaf,none,0.5436281179138323,0.6248358999146149,m,2,1
13,12,barse,LF,0.5087755102040816,0.6630459000589326,m,2,0
14,59,redden,HF,0.3632426303854875,0.6720206000609323,z,2,1
15,5,ponten,LF,0.4158956916099773,0.6070517000043765,m,2,0
16,106,slont,none,0.6466666666666666,0.7038569999858737,m,2,1
17,48,balkons,LF,0.7699773242630386,0.6542833000421524,z,2,1
18,84,auto,HF,0.4550793650793651,0.6260380999883637,z,2,1
19,175,nergen,none,0.5445804988662132,0.866981599945575,m,2,1
20,151,plirken,none,0.5466893424036281,0.7185485999798402,m,2,1
21,152,grede,none,0.5429478458049887,0.7428488000296056,m,2,1
22,10,sikkels,LF,0.7240136054421769,0.6726927999407053,m,2,0
23,161,gietsen,none,0.5158276643990929,0.742735099978745,m,2,1
24,38,sfinxen,LF,0.6166213151927438,0.7957683000713587,z,2,1
25,16,snert,LF,0.6224489795918368,0.9366467000218108,m,2,0
26,54,baby,HF,0.4545578231292517,0.689710299950093,z,2,1
27,70,juist,HF,0.5870521541950113,1.2628208999522028,z,2,1
28,125,kabrieken,none,0.5446485260770975,1.2674037000397218,m,2,1
29,150,knaarde,none,0.5770975056689343,0.7564475000835955,m,2,1
30,65,zoek,HF,0.4944671201814059,0.7665318999206647,z,2,1
31,20,schoffels,LF,0.7928571428571428,0.7590917000779882,z,2,1
32,173,klaap,none,0.5418140589569161,0.7080626999959351,m,2,1
33,62,gaf,HF,0.5007256235827664,0.6301607999484986,m,2,0
34,140,murselein,none,0.7366666666666667,0.7498715999536216,m,2,1
35,119,doppel,none,0.39312925170068025,0.6784504000097513,m,2,1
36,156,loedsels,none,0.7686848072562358,0.5895344000309706,m,2,1
37,193,nef,none,0.4258730158730159,0.6918141999049112,m,2,1
38,164,snoen,none,0.490702947845805,0.7949329999973997,m,2,1
39,105,jugen,none,0.5052607709750567,0.6422719999682158,m,2,1
40,147,kuukt,none,0.4436734693877551,0.5592106999829412,m,2,1
41,24,wrongel,LF,0.5386848072562358,0.6306224999716505,m,2,0
42,91,hele,HF,0.4885714285714286,0.7720652000280097,z,2,1
43,160,jaat,none,0.6259183673469387,0.6741455000592396,m,2,1
44,73,gemaakt,HF,0.8008390022675737,0.9376339999726042,z,2,1
45,154,gefaapt,none,0.8487528344671201,0.9017325999448076,m,2,1
46,79,uur,HF,0.3305215419501133,0.5612915999954566,z,2,1
47,181,herken,none,0.5039455782312925,0.6291428999975324,z,2,0
48,55,recht,HF,0.5463718820861678,0.8719745000125841,z,2,1
49,122,bluit,none,0.7464399092970522,0.5770879000192508,m,2,1
50,88,werd,HF,0.4824263038548753,0.7435411000624299,z,2,1
51,39,sjalot,LF,0.5982312925170068,0.7539026000304148,z,2,1
52,174,bluurde,none,0.4874149659863946,0.6283863000571728,m,2,1
53,81,krijg,HF,0.5826757369614513,0.6634409000398591,m,2,0
54,45,grief,LF,0.5177777777777778,0.9361764999339356,m,2,0
55,58,heren,HF,0.4917006802721088,0.6362330000847578,z,2,1
56,78,open,HF,0.3699092970521542,0.7033615000545979,z,2,1
57,56,hard,HF,0.4832879818594104,0.6120640001026914,z,2,1
58,159,rastel,none,0.6509297052154195,0.8699947999557479,m,2,1
59,93,dacht,HF,0.4514512471655329,0.5343391000060365,z,2,1
60,13,gevels,LF,0.8220181405895691,0.759916799957864,m,2,0
61,165,tombel,none,0.4472108843537415,0.7548512000357732,m,2,1
62,27,flans,LF,0.6479591836734694,1.0362926999805495,m,2,0
63,6,puien,LF,0.3691156462585034,0.6119341000448912,m,2,0
64,9,reigers,LF,0.7401587301587301,0.9362039000261576,z,2,1
65,132,fradingo,none,0.7437868480725623,0.7039613999659196,m,2,1
66,176,kwarp,none,0.5111791383219955,0.7185092000290751,m,2,1
67,114,gesmalpt,none,0.8913605442176871,0.9594508000882342,m,2,1
68,101,millag,none,0.5752380952380952,0.6395666999742389,m,2,1
69,146,gewunnen,none,0.5544671201814059,0.7332350000506267,m,2,1
70,178,gimmel,none,0.4918140589569161,0.7064337999327108,m,2,1
71,50,gisten,LF,0.5466213151927438,1.0431116999825465,z,2,1
72,179,monen,none,0.4788888888888889,0.6023928000358865,m,2,1
73,100,kom,HF,0.2878458049886621,0.7351540999952704,m,2,0
74,157,udel,none,0.35630385487528343,0.6924154999433085,m,2,1
75,75,vroeg,HF,0.5487074829931973,0.7840777999954298,z,2,1
76,136,kumus,none,0.5232879818594104,0.5984708999749273,m,2,1
77,167,pectars,none,0.6901814058956917,0.8176807999843732,m,2,1
78,21,schuiten,LF,0.6056009070294784,0.7491326000308618,m,2,0
79,166,mijk,none,0.5443537414965987,0.690736599965021,m,2,1
80,3,imams,LF,0.653968253968254,0.798390100011602,z,2,1
81,71,ogen,HF,0.4824036281179138,0.7942070999415591,z,2,1
82,200,fankel,none,0.5785260770975057,0.712194100022316,m,2,1
83,86,idee,HF,0.4575056689342404,0.6115152999991551,z,2,1
84,191,darboen,none,0.6270975056689342,0.6933813999639824,m,2,1
85,120,verke,none,0.5179818594104308,0.8835245000664145,m,2,1
86,130,bralat,none,0.6842176870748299,0.7008283999748528,m,2,1
87,22,spurt,LF,0.6664625850340136,0.7593677999684587,m,2,0
88,89,geweest,HF,0.7779138321995465,0.7447365999687463,z,2,1
89,35,margriet,LF,0.6709297052154195,0.6275343000888824,z,2,1
90,1,buidels,LF,0.7648752834467121,0.5899981999536976,z,2,1
91,53,boek,HF,0.4394104308390023,0.5612843000562862,z,2,1
92,98,had,HF,0.44421768707483,0.5542744999984279,z,2,1
93,25,ambten,LF,0.3910430839002267,0.6899589999811724,z,2,1
94,118,prookt,none,0.6648299319727892,0.8735423999605699,m,2,1
95,30,oker,LF,0.3913151927437642,0.7168445000424981,z,2,1
96,172,vlump,none,0.573469387755102,0.6521405000239611,m,2,1
97,34,gonsde,LF,0.6049886621315193,0.8379827999742702,z,2,1
98,141,kimensie,none,0.6669841269841271,0.7431847000261769,m,2,1
99,135,vlorken,none,0.5808390022675737,0.6739452999318019,m,2,1
100,97,zeg,HF,0.488843537414966,0.7179080999922007,z,2,1
101,7,rafel,LF,0.5744217687074828,0.6503529000328854,m,2,0
102,57,reden,HF,0.4158049886621315,0.7847240000264719,z,2,1
103,99,bij,HF,0.3325170068027211,0.792261999915354,z,2,1
104,76,wachten,HF,0.4697052154195011,0.7785640000365674,m,2,0
105,42,lome,LF,0.4866893424036281,0.973246100009419,m,2,0
106,104,goont,none,0.6195918367346939,0.867629999993369,m,2,1
107,117,groeken,none,0.4692290249433106,0.7556307999184355,m,2,1
108,158,rufel,none,0.5402267573696146,0.8584935999242589,m,2,1
109,196,rokan,none,0.6312244897959184,0.9400237000081688,m,2,1
110,82,morgen,HF,0.4886621315192744,0.7036839999491349,z,2,1
111,199,spodiel,none,0.7211791383219954,0.8184860999463126,m,2,1
112,134,vrijk,none,0.6648526077097505,0.6940352000528947,z,2,0
113,17,clusters,LF,0.7289569160997732,0.7005152000347152,z,2,1
114,37,rogge,LF,0.4180952380952381,0.7755964000243694,z,2,1
115,15,karpers,LF,0.6831292517006803,0.7472181000048295,z,2,1
116,180,kijs,none,0.5234920634920635,0.7267623000079766,m,2,1
117,49,bonkte,LF,0.4835600907029479,0.7967625999590382,z,2,1
118,126,zelijk,none,0.7470521541950114,0.9844508999958634,m,2,1
119,31,porde,LF,0.3671201814058957,0.8022352999541909,z,2,1
120,127,sluinen,none,0.6306575963718821,0.8925307000754401,m,2,1
121,121,nammer,none,0.3958503401360544,0.7159046999877319,m,2,1
122,148,kadders,none,0.5390929705215419,0.8741564999800175,m,2,1
123,68,soort,HF,0.6407256235827664,0.7722563000861555,z,2,1
124,11,stekken,LF,0.4987074829931973,1.166986700030975,m,2,0
125,64,bezig,HF,0.6209523809523809,0.7617533999728039,z,2,1
126,83,vraag,HF,0.615827664399093,0.9690737000200896,z,2,1
127,163,plond,none,0.5671655328798186,0.8032646999927238,z,2,0
128,197,zerder,none,0.5083673469387755,0.8289691999088973,m,2,1
129,92,moeder,HF,0.4240362811791383,0.7011312999529764,z,2,1
130,61,los,HF,0.5018140589569161,0.7532634000526741,z,2,1
131,187,gevupt,none,0.6875963718820862,0.7674785000272095,m,2,1
132,74,help,HF,0.4439455782312925,0.7209177000913769,z,2,1
133,149,leumen,none,0.4952834467120181,0.7385006999829784,m,2,1
134,185,drintels,none,0.7725396825396825,0.6337464998941869,m,2,1
135,87,ging,HF,0.39673469387755106,0.7942945000249892,z,2,1
136,63,begin,HF,0.4794784580498866,0.8033416999969631,m,2,0
137,145,bezans,none,0.7936507936507936,0.853227199986577,m,2,1
138,182,hormen,none,0.3752380952380953,0.6806410000426695,m,2,1
139,41,zolders,LF,0.7216780045351474,0.7516693000216037,z,2,1
140,36,metrum,LF,0.5541950113378685,0.8239208000013605,z,2,1
141,8,ratels,LF,0.8842857142857142,0.7697741000447422,z,2,1
142,113,vroel,none,0.5116326530612245,0.9841629000147804,m,2,1
143,144,ant,none,0.4819501133786848,1.068699000054039,m,2,1
144,90,wist,HF,0.5760997732426304,0.7122619000729173,z,2,1
145,133,gefruld,none,0.88281179138322,1.1084285998949779,m,2,1
146,186,brad,none,0.4661451247165533,0.733253400074318,z,2,0
147,26,beitels,LF,0.7305895691609977,0.7728341000620276,z,2,1
148,194,pruit,none,0.6024716553287982,0.7923244000412524,m,2,1
149,189,trorg,none,0.5636507936507936,0.9604622999904676,m,2,1
150,19,etui,LF,0.4205895691609977,0.6625307999784127,z,2,1
151,4,polders,LF,0.5961678004535147,0.6318349000066519,m,2,0
152,142,gardien,none,0.5500680272108843,0.6928547999123111,z,2,0
153,171,glijp,none,0.5592290249433106,0.9830197000410408,m,2,1
154,33,woei,LF,0.3439455782312925,0.8665757999988273,z,2,1
155,60,vallen,HF,0.3511791383219955,0.8664547000080347,z,2,1
156,96,zit,HF,0.45421768707483,0.9036181999836116,z,2,1
157,23,strotten,LF,0.5194104308390023,0.8426747999619693,z,2,1
158,137,smaan,none,0.5507256235827664,0.9055689999368042,m,2,1
159,69,sta,HF,0.4588888888888889,0.781908500008285,z,2,1
160,190,ploe,none,0.23392290249433104,0.7908303000731394,m,2,1
161,108,geslonden,none,0.7017006802721089,1.1864973999327049,m,2,1
162,116,plenk,none,0.4568707482993197,0.6727159000001848,z,2,0
163,102,labber,none,0.4050793650793651,1.1190773999551311,m,2,1
164,131,rogenten,none,0.6747845804988662,0.8818611999740824,m,2,1
165,95,dood,HF,0.5565986394557824,0.7354913000017405,z,2,1
166,2,hese,LF,0.5392517006802721,0.8953502000076696,z,2,1
167,123,kiemeten,none,0.6588888888888889,0.7108974000439048,m,2,1
168,52,hield,HF,0.5931519274376417,0.6461244999663904,z,2,1
169,128,kandola,none,0.5002040816326531,0.6953890000004321,m,2,1
170,47,venkel,LF,0.5343537414965986,1.016415600082837,z,2,1
171,103,brum,none,0.34331065759637186,0.9676046998938546,m,2,1
172,143,rakot,none,0.6866439909297052,0.7166567000094801,z,2,0
173,184,rieve,none,0.4558049886621315,1.355829700012691,m,2,1
174,40,topaas,LF,0.75421768707483,0.8932470000581816,m,2,0
175,29,lanen,LF,0.5240136054421769,1.2301819999702277,z,2,1
176,198,snarpen,none,0.6049886621315193,0.9504085000371559,m,2,1
177,51,plan,HF,0.3517687074829932,0.7275219999719411,m,2,0
178,32,suste,LF,0.6104761904761905,0.9450191999785602,z,2,1
179,112,breent,none,0.6899546485260771,0.8026393000036478,m,2,1
180,192,megen,none,0.4841723356009071,0.9411445000441744,m,2,1
181,18,deun,LF,0.4665532879818594,0.9588826000690459,m,2,0
182,195,pirrel,none,0.36117913832199533,0.7590119000524282,m,2,1
183,162,gebeikt,none,0.8473469387755102,0.8995821999851614,m,2,1
184,72,lekker,HF,0.3890249433106576,0.6447179999668151,z,2,1
185,139,stodeum,none,0.6441043083900226,0.8590329000726342,m,2,1
186,168,stiraal,none,0.7700453514739231,0.992127100005746,m,2,1
187,177,rons,none,0.5964625850340136,0.6398848999524489,z,2,0
188,43,stengels,LF,0.7586621315192744,0.8860771999461576,z,2,1
189,109,giep,none,0.4608390022675737,0.8127887999871746,m,2,1
190,28,klavier,LF,0.6192970521541951,0.7788576999446377,z,2,1
191,66,wakker,HF,0.4293424036281179,0.6466412000590935,z,2,1
192,111,kormel,none,0.4885487528344672,0.7220620000734925,m,2,1
193,94,gedaan,HF,0.6245578231292517,0.880796100012958,z,2,1
194,44,stram,LF,0.5876190476190476,0.839600499952212,m,2,0
195,170,moksen,none,0.514172335600907,0.8665402999613434,m,2,1
196,14,juffen,LF,0.4445124716553288,0.6559866000898182,z,2,1
197,110,women,none,0.4578684807256236,0.8278397000394762,m,2,1
198,77,hen,HF,0.3445124716553288,0.8172788000665605,z,2,1
199,46,lijsters,LF,0.7591836734693878,0.7847672000061721,z,2,1
0,17,clusters,LF,0.7289569160997732,0.9168991999467836,z,3,1
1,85,zag,HF,0.4990476190476191,0.7415267999749631,z,3,1
2,30,oker,LF,0.3913151927437642,0.6160882000112906,z,3,1
3,174,bluurde,none,0.4874149659863946,0.6554787999484688,m,3,1
4,8,ratels,LF,0.8842857142857142,0.8631494999863207,z,3,1
5,133,gefruld,none,0.88281179138322,0.8380102000664921,m,3,1
6,110,women,none,0.4578684807256236,0.7359965000068769,m,3,1
7,155,pals,none,0.4868707482993198,0.8453018000582233,m,3,1
8,40,topaas,LF,0.75421768707483,0.6670725001022221,z,3,1
9,55,recht,HF,0.5463718820861678,0.6309877999592572,z,3,1
10,27,flans,LF,0.6479591836734694,0.5765440000686795,m,3,0
11,93,dacht,HF,0.4514512471655329,0.5931878999108449,z,3,1
12,121,nammer,none,0.3958503401360544,0.6739593000384048,m,3,1
13,196,rokan,none,0.6312244897959184,0.9622672999976204,m,3,1
14,54,baby,HF,0.4545578231292517,0.6273822999792174,z,3,1
15,63,begin,HF,0.4794784580498866,0.5667963000014424,z,3,1
16,194,pruit,none,0.6024716553287982,0.6197426000144333,m,3,1
17,43,stengels,LF,0.7586621315192744,0.7523229999933392,z,3,1
18,72,lekker,HF,0.3890249433106576,0.533319600042887,z,3,1
19,181,herken,none,0.5039455782312925,0.5980530999368057,z,3,0
20,45,grief,LF,0.5177777777777778,0.7144027999602258,z,3,1
21,134,vrijk,none,0.6648526077097505,0.9316634000279008,m,3,1
22,56,hard,HF,0.4832879818594104,0.7514138999395072,z,3,1
23,132,fradingo,none,0.7437868480725623,0.942374899983406,m,3,1
24,41,zolders,LF,0.7216780045351474,1.733358500059694,z,3,1
25,152,grede,none,0.5429478458049887,1.1394826000323521,m,3,1
26,190,ploe,none,0.23392290249433104,0.7069092999445274,m,3,1
27,159,rastel,none,0.6509297052154195,0.8948907000012696,m,3,1
28,71,ogen,HF,0.4824036281179138,0.6734314999775961,z,3,1
29,183,zuun,none,0.4292517006802721,1.0426994999870658,m,3,1
30,129,grantel,none,0.6137414965986394,0.7136581999948248,m,3,1
31,145,bezans,none,0.7936507936507936,0.6839323000749573,m,3,1
32,109,giep,none,0.4608390022675737,0.7293208000482991,m,3,1
33,73,gemaakt,HF,0.8008390022675737,0.7038824999472126,z,3,1
34,130,bralat,none,0.6842176870748299,0.7798606000142172,m,3,1
35,106,slont,none,0.6466666666666666,0.7942717999685556,m,3,1
36,44,stram,LF,0.5876190476190476,0.7250914999749511,m,3,0
37,65,zoek,HF,0.4944671201814059,0.649788299924694,z,3,1
38,61,los,HF,0.5018140589569161,0.6181971000041813,z,3,1
39,94,gedaan,HF,0.6245578231292517,0.813024100032635,z,3,1
40,38,sfinxen,LF,0.6166213151927438,0.747944499948062,z,3,1
41,139,stodeum,none,0.6441043083900226,0.8909432999789715,m,3,1
42,79,uur,HF,0.3305215419501133,0.6211214999202639,z,3,1
43,169,plin,none,0.31798185941043083,0.6651245999382809,m,3,1
44,136,kumus,none,0.5232879818594104,1.2936979000223798,m,3,1
45,199,spodiel,none,0.7211791383219954,1.1438363000052052,m,3,1
46,125,kabrieken,none,0.5446485260770975,0.7691031999420375,m,3,1
47,33,woei,LF,0.3439455782312925,0.8363071000203491,z,3,1
48,80,eigen,HF,0.4820181405895692,0.8973492999793962,z,3,1
49,140,murselein,none,0.7366666666666667,0.7967900999356061,m,3,1
50,104,goont,none,0.6195918367346939,0.7977688999380916,m,3,1
51,151,plirken,none,0.5466893424036281,0.6932174999965355,m,3,1
52,83,vraag,HF,0.615827664399093,0.8090133999940008,z,3,1
53,126,zelijk,none,0.7470521541950114,0.8919344000751153,m,3,1
54,74,help,HF,0.4439455782312925,0.7647717000218108,z,3,1
55,114,gesmalpt,none,0.8913605442176871,0.9777062999783084,m,3,1
56,90,wist,HF,0.5760997732426304,0.7011660999851301,z,3,1
57,103,brum,none,0.34331065759637186,0.5932503999210894,m,3,1
58,89,geweest,HF,0.7779138321995465,0.7725318000884727,z,3,1
59,52,hield,HF,0.5931519274376417,0.5606091999216005,m,3,0
60,141,kimensie,none,0.6669841269841271,0.7311349000083283,m,3,1
61,23,strotten,LF,0.5194104308390023,0.8578990999376401,z,3,1
62,146,gewunnen,none,0.5544671201814059,0.8737826000433415,m,3,1
63,170,moksen,none,0.514172335600907,0.7273571999976411,m,3,1
64,167,pectars,none,0.6901814058956917,0.7180917999939993,m,3,1
65,171,glijp,none,0.5592290249433106,0.8442947999574244,m,3,1
66,37,rogge,LF,0.4180952380952381,0.8436760000186041,z,3,1
67,53,boek,HF,0.4394104308390023,0.6733393999747932,z,3,1
68,32,suste,LF,0.6104761904761905,0.6698476999299601,m,3,0
69,153,entel,none,0.5228344671201814,0.8972765000071377,m,3,1
70,6,puien,LF,0.3691156462585034,0.9457730000140144,m,3,0
71,187,gevupt,none,0.6875963718820862,0.8245850000530481,m,3,1
72,100,kom,HF,0.2878458049886621,0.7039315999718383,m,3,0
73,59,redden,HF,0.3632426303854875,0.6535792000358924,z,3,1
74,64,bezig,HF,0.6209523809523809,0.8953068000264466,z,3,1
75,168,stiraal,none,0.7700453514739231,0.834038499975577,m,3,1
76,102,labber,none,0.4050793650793651,1.2094065999845045,m,3,1
77,191,darboen,none,0.6270975056689342,0.7585432999767363,m,3,1
78,147,kuukt,none,0.4436734693877551,0.6158887000055984,m,3,1
79,142,gardien,none,0.5500680272108843,0.7778281000209972,m,3,1
80,144,ant,none,0.4819501133786848,0.6275440000463277,m,3,1
81,39,sjalot,LF,0.5982312925170068,0.7153514999663457,z,3,1
82,156,loedsels,none,0.7686848072562358,0.6453954000025988,m,3,1
83,97,zeg,HF,0.488843537414966,0.8619103999808431,z,3,1
84,51,plan,HF,0.3517687074829932,0.7486783000640571,z,3,1
85,107,gals,none,0.6466213151927438,0.955105600063689,m,3,1
86,154,gefaapt,none,0.8487528344671201,0.74951700004749,m,3,1
87,4,polders,LF,0.5961678004535147,0.6060553999850526,z,3,1
88,138,glaf,none,0.5436281179138323,0.6589153000386432,m,3,1
89,19,etui,LF,0.4205895691609977,0.7594301000935957,z,3,1
90,173,klaap,none,0.5418140589569161,0.6563125000102445,m,3,1
91,186,brad,none,0.4661451247165533,1.0452301000477746,m,3,1
92,95,dood,HF,0.5565986394557824,0.7073879999807104,z,3,1
93,197,zerder,none,0.5083673469387755,0.6992554001044482,m,3,1
94,24,wrongel,LF,0.5386848072562358,0.7147212999407202,m,3,0
95,7,rafel,LF,0.5744217687074828,0.9022423999849708,z,3,1
96,123,kiemeten,none,0.6588888888888889,0.7920946000376716,m,3,1
97,82,morgen,HF,0.4886621315192744,0.6703892000950873,z,3,1
98,185,drintels,none,0.7725396825396825,0.6265601000050083,m,3,1
99,119,doppel,none,0.39312925170068025,0.7537673999322578,m,3,1
100,18,deun,LF,0.4665532879818594,0.6632090000202879,m,3,0
101,165,tombel,none,0.4472108843537415,0.7178543000482023,m,3,1
102,137,smaan,none,0.5507256235827664,0.6754919000668451,m,3,1
103,108,geslonden,none,0.7017006802721089,0.7952603000449017,m,3,1
104,14,juffen,LF,0.4445124716553288,0.5559136999072507,m,3,0
105,2,hese,LF,0.5392517006802721,0.6814256000798196,z,3,1
106,135,vlorken,none,0.5808390022675737,0.8680001999018714,m,3,1
107,172,vlump,none,0.573469387755102,0.6832308999728411,m,3,1
108,176,kwarp,none,0.5111791383219955,0.828599700005725,m,3,1
109,68,soort,HF,0.6407256235827664,0.8175829000538215,z,3,1
110,188,klaam,none,0.4651700680272109,1.027243999997154,m,3,1
111,149,leumen,none,0.4952834467120181,0.7353531999979168,m,3,1
112,117,groeken,none,0.4692290249433106,0.6378098999848589,m,3,1
113,31,porde,LF,0.3671201814058957,0.6736928999889642,m,3,0
114,158,rufel,none,0.5402267573696146,0.7575786999659613,m,3,1
115,16,snert,LF,0.6224489795918368,0.8944261999567971,z,3,1
116,11,stekken,LF,0.4987074829931973,0.7403320000739768,m,3,0
117,42,lome,LF,0.4866893424036281,0.7397753000259399,z,3,1
118,105,jugen,none,0.5052607709750567,0.7463989000534639,m,3,1
119,69,sta,HF,0.4588888888888889,0.9338999000610784,z,3,1
120,87,ging,HF,0.39673469387755106,0.6967498000012711,z,3,1
121,178,gimmel,none,0.4918140589569161,0.727182799950242,m,3,1
122,5,ponten,LF,0.4158956916099773,0.7241291999816895,m,3,0
123,29,lanen,LF,0.5240136054421769,0.8074935999466106,m,3,0
124,115,liek,none,0.4517687074829932,0.8481490999693051,m,3,1
125,161,gietsen,none,0.5158276643990929,0.7907295000040904,m,3,1
126,9,reigers,LF,0.7401587301587301,0.7793588999193162,z,3,1
127,128,kandola,none,0.5002040816326531,1.0242709000594914,m,3,1
128,157,udel,none,0.35630385487528343,0.7957916000159457,m,3,1
129,175,nergen,none,0.5445804988662132,1.001982600078918,m,3,1
130,177,rons,none,0.5964625850340136,0.8892033000010997,m,3,1
131,124,vebras,none,0.8917233560090703,0.7272773999720812,m,3,1
132,75,vroeg,HF,0.5487074829931973,1.0048657999141142,z,3,1
133,111,kormel,none,0.4885487528344672,0.6840062000555918,m,3,1
134,26,beitels,LF,0.7305895691609977,0.873925199965015,z,3,1
135,164,snoen,none,0.490702947845805,0.7603347999975085,m,3,1
136,116,plenk,none,0.4568707482993197,0.8764521999983117,m,3,1
137,20,schoffels,LF,0.7928571428571428,0.7811064999550581,z,3,1
138,150,knaarde,none,0.5770975056689343,0.6295625000493601,m,3,1
139,166,mijk,none,0.5443537414965987,0.7390672999899834,m,3,1
140,113,vroel,none,0.5116326530612245,0.7946927000302821,m,3,1
141,162,gebeikt,none,0.8473469387755102,0.8050404000096023,m,3,1
142,10,sikkels,LF,0.7240136054421769,0.8471219999482855,z,3,1
143,28,klavier,LF,0.6192970521541951,0.8083413999993354,z,3,1
144,70,juist,HF,0.5870521541950113,0.6206814999459311,z,3,1
145,62,gaf,HF,0.5007256235827664,0.8003960000351071,z,3,1
146,47,venkel,LF,0.5343537414965986,0.6606262000277638,z,3,1
147,76,wachten,HF,0.4697052154195011,0.6021028999239206,z,3,1
148,58,heren,HF,0.4917006802721088,0.6755725000984967,z,3,1
149,192,megen,none,0.4841723356009071,0.7759604000020772,m,3,1
150,46,lijsters,LF,0.7591836734693878,0.6649026999948546,z,3,1
151,96,zit,HF,0.45421768707483,0.6938654999248683,z,3,1
152,13,gevels,LF,0.8220181405895691,0.9378397000255064,z,3,1
153,91,hele,HF,0.4885714285714286,0.7946293000131845,z,3,1
154,163,plond,none,0.5671655328798186,0.932925199973397,m,3,1
155,25,ambten,LF,0.3910430839002267,0.81849420000799,z,3,1
156,179,monen,none,0.4788888888888889,0.7706255000084639,m,3,1
157,99,bij,HF,0.3325170068027211,0.6819282999495044,z,3,1
158,35,margriet,LF,0.6709297052154195,0.8088553999550641,z,3,1
159,184,rieve,none,0.4558049886621315,0.6851014000130817,m,3,1
160,1,buidels,LF,0.7648752834467121,0.7438280999194831,z,3,1
161,98,had,HF,0.44421768707483,0.7850132000166923,z,3,1
162,122,bluit,none,0.7464399092970522,0.8357093000086024,m,3,1
163,81,krijg,HF,0.5826757369614513,0.7772762000095099,m,3,0
164,148,kadders,none,0.5390929705215419,0.7797041001031175,m,3,1
165,12,barse,LF,0.5087755102040816,0.7269901999970898,z,3,1
166,193,nef,none,0.4258730158730159,0.7683926000026986,m,3,1
167,50,gisten,LF,0.5466213151927438,0.8727704000193626,m,3,0
168,127,sluinen,none,0.6306575963718821,0.9093368999892846,m,3,1
169,92,moeder,HF,0.4240362811791383,0.6958817000268027,z,3,1
170,195,pirrel,none,0.36117913832199533,0.9278609999455512,m,3,1
171,22,spurt,LF,0.6664625850340136,0.8181059999624267,m,3,0
172,120,verke,none,0.5179818594104308,0.9479339999379591,m,3,1
173,189,trorg,none,0.5636507936507936,0.7153648000676185,m,3,1
174,143,rakot,none,0.6866439909297052,0.7445271000033244,m,3,1
175,3,imams,LF,0.653968253968254,0.8741445000050589,z,3,1
176,118,prookt,none,0.6648299319727892,0.7023608000017703,m,3,1
177,112,breent,none,0.6899546485260771,0.9028807000722736,m,3,1
178,49,bonkte,LF,0.4835600907029479,0.6760964000131935,z,3,1
179,200,fankel,none,0.5785260770975057,0.913880900014192,z,3,0
180,67,plaats,HF,0.6054195011337868,0.6445881000254303,z,3,1
181,57,reden,HF,0.4158049886621315,0.7942137999925762,z,3,1
182,88,werd,HF,0.4824263038548753,0.869639900047332,z,3,1
183,48,balkons,LF,0.7699773242630386,0.7573486000765115,z,3,1
184,78,open,HF,0.3699092970521542,0.7348988000303507,z,3,1
185,160,jaat,none,0.6259183673469387,0.7714069000212476,m,3,1
186,36,metrum,LF,0.5541950113378685,0.859963999944739,z,3,1
187,182,hormen,none,0.3752380952380953,0.6554002999328077,m,3,1
188,101,millag,none,0.5752380952380952,0.775792200001888,m,3,1
189,84,auto,HF,0.4550793650793651,0.6514724000589922,z,3,1
190,131,rogenten,none,0.6747845804988662,0.857843599980697,m,3,1
191,198,snarpen,none,0.6049886621315193,0.8164091000799091,m,3,1
192,34,gonsde,LF,0.6049886621315193,0.7563585999887437,m,3,0
193,21,schuiten,LF,0.6056009070294784,0.8332323000067845,m,3,0
194,15,karpers,LF,0.6831292517006803,0.904807599959895,z,3,1
195,86,idee,HF,0.4575056689342404,0.7927027000114322,z,3,1
196,77,hen,HF,0.3445124716553288,0.8145616999827325,z,3,1
197,180,kijs,none,0.5234920634920635,0.7639977999497205,m,3,1
198,66,wakker,HF,0.4293424036281179,0.7473508000839502,z,3,1
199,60,vallen,HF,0.3511791383219955,1.3200871000299228,z,3,1
0,117,groeken,none,0.4692290249433106,1.6064355999697,m,4,1
1,4,polders,LF,0.5961678004535147,1.0287701999768617,z,4,1
2,9,reigers,LF,0.7401587301587301,1.0459783000405878,z,4,1
3,190,ploe,none,0.23392290249433104,1.7933805000502616,m,4,1
4,197,zerder,none,0.5083673469387755,1.2493206999497488,m,4,1
5,3,imams,LF,0.653968253968254,1.0869255000725389,z,4,1
6,103,brum,none,0.34331065759637186,1.1234261000063273,m,4,1
7,109,giep,none,0.4608390022675737,1.0709133000345898,z,4,0
8,31,porde,LF,0.3671201814058957,1.0933773999568075,z,4,1
9,8,ratels,LF,0.8842857142857142,1.776644599973224,m,4,0
10,46,lijsters,LF,0.7591836734693878,1.3799692000029609,z,4,1
11,135,vlorken,none,0.5808390022675737,1.3243280999595302,m,4,1
12,164,snoen,none,0.490702947845805,0.9926793000195177,m,4,1
13,19,etui,LF,0.4205895691609977,1.3529114000266418,z,4,1
14,106,slont,none,0.6466666666666666,1.0310313999652865,m,4,1
15,44,stram,LF,0.5876190476190476,1.080305699957535,m,4,0
16,93,dacht,HF,0.4514512471655329,1.1001257000025362,m,4,0
17,138,glaf,none,0.5436281179138323,0.9974744999781252,m,4,1
18,67,plaats,HF,0.6054195011337868,0.8266967999516055,z,4,1
19,42,lome,LF,0.4866893424036281,1.235078900004737,m,4,0
20,168,stiraal,none,0.7700453514739231,1.0301772999810055,m,4,1
21,85,zag,HF,0.4990476190476191,0.9379007000243292,m,4,0
22,77,hen,HF,0.3445124716553288,0.8923237000126392,z,4,1
23,118,prookt,none,0.6648299319727892,1.1225723000243306,z,4,0
24,105,jugen,none,0.5052607709750567,0.8056732000550255,m,4,1
25,10,sikkels,LF,0.7240136054421769,0.8888480000896379,z,4,1
26,144,ant,none,0.4819501133786848,0.8497519000666216,m,4,1
27,130,bralat,none,0.6842176870748299,0.8143879000563174,m,4,1
28,64,bezig,HF,0.6209523809523809,0.9550738999387248,z,4,1
29,47,venkel,LF,0.5343537414965986,0.8847918000537902,z,4,1
30,113,vroel,none,0.5116326530612245,0.9444376999745144,m,4,1
31,81,krijg,HF,0.5826757369614513,1.6677063000388443,m,4,0
32,74,help,HF,0.4439455782312925,0.8253361000679433,z,4,1
33,121,nammer,none,0.3958503401360544,0.8785787000088021,m,4,1
34,174,bluurde,none,0.4874149659863946,0.8701351000927389,m,4,1
35,131,rogenten,none,0.6747845804988662,0.831866699969396,m,4,1
36,7,rafel,LF,0.5744217687074828,0.9236972000217064,m,4,0
37,95,dood,HF,0.5565986394557824,0.9976446999935432,z,4,1
38,41,zolders,LF,0.7216780045351474,0.8281560000032187,z,4,1
39,160,jaat,none,0.6259183673469387,1.1549630999797955,m,4,1
40,84,auto,HF,0.4550793650793651,1.2452822999330238,z,4,1
41,165,tombel,none,0.4472108843537415,0.8188956999219954,m,4,1
42,153,entel,none,0.5228344671201814,0.8909729000879452,z,4,0
43,186,brad,none,0.4661451247165533,1.12470080005005,z,4,0
44,146,gewunnen,none,0.5544671201814059,0.9653532000957056,m,4,1
45,148,kadders,none,0.5390929705215419,0.701424099970609,m,4,1
46,112,breent,none,0.6899546485260771,0.8006948999827728,m,4,1
47,28,klavier,LF,0.6192970521541951,0.958875700016506,z,4,1
48,45,grief,LF,0.5177777777777778,0.8356811000267044,m,4,0
49,196,rokan,none,0.6312244897959184,1.0138186999829486,m,4,1
50,183,zuun,none,0.4292517006802721,0.709356699953787,m,4,1
51,137,smaan,none,0.5507256235827664,0.9856487000361084,z,4,0
52,141,kimensie,none,0.6669841269841271,0.8518139000516385,m,4,1
53,14,juffen,LF,0.4445124716553288,0.8122976999729872,z,4,1
54,26,beitels,LF,0.7305895691609977,0.8216143000172451,z,4,1
55,92,moeder,HF,0.4240362811791383,0.7094764000503346,z,4,1
56,1,buidels,LF,0.7648752834467121,0.7606031999457628,z,4,1
57,189,trorg,none,0.5636507936507936,0.7140937999356538,m,4,1
58,62,gaf,HF,0.5007256235827664,0.8133153000380844,m,4,0
59,71,ogen,HF,0.4824036281179138,0.7788014999823645,z,4,1
60,163,plond,none,0.5671655328798186,0.7170847998932004,m,4,1
61,126,zelijk,none,0.7470521541950114,1.280255199992098,m,4,1
62,177,rons,none,0.5964625850340136,0.9325299999909475,m,4,1
63,90,wist,HF,0.5760997732426304,1.0316884000785649,z,4,1
64,17,clusters,LF,0.7289569160997732,0.8951434999471529,z,4,1
65,34,gonsde,LF,0.6049886621315193,1.0609811999602243,z,4,1
66,182,hormen,none,0.3752380952380953,1.0004317000275478,m,4,1
67,83,vraag,HF,0.615827664399093,0.9178187999641524,z,4,1
68,89,geweest,HF,0.7779138321995465,1.093052200041711,z,4,1
69,76,wachten,HF,0.4697052154195011,0.9859693000325932,z,4,1
70,172,vlump,none,0.573469387755102,1.1508846000069752,m,4,1
71,184,rieve,none,0.4558049886621315,1.0109805000247434,m,4,1
72,188,klaam,none,0.4651700680272109,0.8055338999256492,m,4,1
73,110,women,none,0.4578684807256236,0.9060956001048908,m,4,1
74,59,redden,HF,0.3632426303854875,0.909449000027962,z,4,1
75,30,oker,LF,0.3913151927437642,0.8243715999415144,m,4,0
76,101,millag,none,0.5752380952380952,0.7993804999860004,m,4,1
77,69,sta,HF,0.4588888888888889,0.9209992000833154,z,4,1
78,108,geslonden,none,0.7017006802721089,1.059995400020853,m,4,1
79,94,gedaan,HF,0.6245578231292517,1.02258069999516,m,4,0
80,120,verke,none,0.5179818594104308,0.9671318000182508,z,4,0
81,122,bluit,none,0.7464399092970522,0.8876258999807759,m,4,1
82,167,pectars,none,0.6901814058956917,0.7911362000741065,m,4,1
83,116,plenk,none,0.4568707482993197,1.0299063000129536,z,4,0
84,142,gardien,none,0.5500680272108843,1.0432909999508408,m,4,1
85,132,fradingo,none,0.7437868480725623,0.8536322999279946,m,4,1
86,166,mijk,none,0.5443537414965987,0.997607099940069,m,4,1
87,66,wakker,HF,0.4293424036281179,0.7341034000273794,z,4,1
88,191,darboen,none,0.6270975056689342,0.8722544999327511,m,4,1
89,107,gals,none,0.6466213151927438,0.9916364999953656,m,4,1
90,154,gefaapt,none,0.8487528344671201,0.7890682000434026,m,4,1
91,38,sfinxen,LF,0.6166213151927438,1.1052942000096664,z,4,1
92,199,spodiel,none,0.7211791383219954,1.193016100092791,m,4,1
93,140,murselein,none,0.7366666666666667,0.8549856999889016,m,4,1
94,40,topaas,LF,0.75421768707483,1.1742250000825152,z,4,1
95,79,uur,HF,0.3305215419501133,0.7720475000096485,z,4,1
96,13,gevels,LF,0.8220181405895691,1.0200930999126283,z,4,1
97,72,lekker,HF,0.3890249433106576,0.6891035999869928,z,4,1
98,180,kijs,none,0.5234920634920635,0.8381219999864697,m,4,1
99,100,kom,HF,0.2878458049886621,0.9445057000266388,z,4,1
100,56,hard,HF,0.4832879818594104,0.8138917000032961,z,4,1
101,193,nef,none,0.4258730158730159,0.729704900062643,m,4,1
102,198,snarpen,none,0.6049886621315193,1.0250049999449402,m,4,1
103,127,sluinen,none,0.6306575963718821,0.8975759999593721,m,4,1
104,29,lanen,LF,0.5240136054421769,0.7682637999532744,m,4,0
105,143,rakot,none,0.6866439909297052,0.6995369999203831,m,4,1
106,80,eigen,HF,0.4820181405895692,0.9319494999945164,z,4,1
107,179,monen,none,0.4788888888888889,1.3360073999501765,m,4,1
108,18,deun,LF,0.4665532879818594,0.8558816999429837,m,4,0
109,156,loedsels,none,0.7686848072562358,0.7971560000441968,m,4,1
110,15,karpers,LF,0.6831292517006803,0.9040636999998242,z,4,1
111,173,klaap,none,0.5418140589569161,0.7670427999692038,m,4,1
112,200,fankel,none,0.5785260770975057,0.8929216000251472,m,4,1
113,20,schoffels,LF,0.7928571428571428,1.0241208999650553,z,4,1
114,52,hield,HF,0.5931519274376417,0.9180670999921858,m,4,0
115,99,bij,HF,0.3325170068027211,0.8876031999243423,z,4,1
116,2,hese,LF,0.5392517006802721,0.8631161999655887,m,4,0
117,5,ponten,LF,0.4158956916099773,0.7468893000623211,m,4,0
118,70,juist,HF,0.5870521541950113,0.7992966000456363,z,4,1
119,75,vroeg,HF,0.5487074829931973,0.7335714000510052,z,4,1
120,51,plan,HF,0.3517687074829932,0.9035543999634684,m,4,0
121,149,leumen,none,0.4952834467120181,0.8478967000264674,m,4,1
122,55,recht,HF,0.5463718820861678,1.2695432999171317,z,4,1
123,25,ambten,LF,0.3910430839002267,0.7708505999762565,m,4,0
124,73,gemaakt,HF,0.8008390022675737,0.9954913000110536,z,4,1
125,49,bonkte,LF,0.4835600907029479,0.8764421000378206,m,4,0
126,96,zit,HF,0.45421768707483,0.8232231999281794,z,4,1
127,125,kabrieken,none,0.5446485260770975,0.9004793000640348,m,4,1
128,11,stekken,LF,0.4987074829931973,1.0763460000744092,z,4,1
129,171,glijp,none,0.5592290249433106,0.9978758000070228,m,4,1
130,124,vebras,none,0.8917233560090703,1.116971299983561,z,4,0
131,178,gimmel,none,0.4918140589569161,0.9690678999759256,m,4,1
132,43,stengels,LF,0.7586621315192744,1.003681299975142,z,4,1
133,158,rufel,none,0.5402267573696146,0.7827673999127001,m,4,1
134,65,zoek,HF,0.4944671201814059,0.9002156000351533,z,4,1
135,60,vallen,HF,0.3511791383219955,0.936504999990575,z,4,1
136,185,drintels,none,0.7725396825396825,0.7540206999983639,m,4,1
137,54,baby,HF,0.4545578231292517,0.8463782999897376,z,4,1
138,61,los,HF,0.5018140589569161,1.0561503999633717,m,4,0
139,123,kiemeten,none,0.6588888888888889,0.6646764000179246,m,4,1
140,22,spurt,LF,0.6664625850340136,0.941545799956657,m,4,0
141,58,heren,HF,0.4917006802721088,0.806288699968718,z,4,1
142,119,doppel,none,0.39312925170068025,0.7328227999387309,m,4,1
143,91,hele,HF,0.4885714285714286,0.8797741000307724,z,4,1
144,129,grantel,none,0.6137414965986394,0.9208803999936208,m,4,1
145,21,schuiten,LF,0.6056009070294784,0.9503809999441728,m,4,0
146,134,vrijk,none,0.6648526077097505,1.0323109000455588,m,4,1
147,97,zeg,HF,0.488843537414966,0.9906152999028563,z,4,1
148,102,labber,none,0.4050793650793651,0.7290441000368446,m,4,1
149,57,reden,HF,0.4158049886621315,0.8014835999347271,m,4,0
150,150,knaarde,none,0.5770975056689343,0.9349910999881104,m,4,1
151,161,gietsen,none,0.5158276643990929,0.9206503999885172,m,4,1
152,194,pruit,none,0.6024716553287982,0.8767934999195859,m,4,1
153,152,grede,none,0.5429478458049887,0.8906008999329059,m,4,1
154,87,ging,HF,0.39673469387755106,1.0009187000105155,z,4,1
155,12,barse,LF,0.5087755102040816,1.2693942000623792,m,4,0
156,36,metrum,LF,0.5541950113378685,0.9952160000102594,z,4,1
157,133,gefruld,none,0.88281179138322,1.378607999999076,m,4,1
158,16,snert,LF,0.6224489795918368,1.235244999988936,m,4,0
159,48,balkons,LF,0.7699773242630386,0.6912686999421567,z,4,1
160,139,stodeum,none,0.6441043083900226,1.0239574000006542,m,4,1
161,151,plirken,none,0.5466893424036281,0.89444539998658,m,4,1
162,23,strotten,LF,0.5194104308390023,1.3786804999690505,m,4,0
163,114,gesmalpt,none,0.8913605442176871,1.0522795999422672,m,4,1
164,175,nergen,none,0.5445804988662132,1.2127103999955577,m,4,1
165,32,suste,LF,0.6104761904761905,1.2285879999399183,m,4,0
166,6,puien,LF,0.3691156462585034,1.4521055999211967,z,4,1
167,82,morgen,HF,0.4886621315192744,0.8436109999893233,z,4,1
168,176,kwarp,none,0.5111791383219955,0.8717517999466509,m,4,1
169,78,open,HF,0.3699092970521542,0.8820815000217408,z,4,1
170,37,rogge,LF,0.4180952380952381,0.7505424999399111,m,4,0
171,181,herken,none,0.5039455782312925,0.7842310999985784,z,4,0
172,33,woei,LF,0.3439455782312925,0.930478599970229,z,4,1
173,155,pals,none,0.4868707482993198,0.9392708999803291,m,4,1
174,53,boek,HF,0.4394104308390023,0.8533433999400586,z,4,1
175,86,idee,HF,0.4575056689342404,1.3894517999142408,z,4,1
176,63,begin,HF,0.4794784580498866,0.7660716000245884,z,4,1
177,136,kumus,none,0.5232879818594104,0.9202269000234082,m,4,1
178,111,kormel,none,0.4885487528344672,0.897209000075236,m,4,1
179,162,gebeikt,none,0.8473469387755102,0.9981223999056964,m,4,1
180,68,soort,HF,0.6407256235827664,0.7828305999282748,m,4,0
181,159,rastel,none,0.6509297052154195,0.8905741999624297,m,4,1
182,145,bezans,none,0.7936507936507936,0.9199818000197412,m,4,1
183,98,had,HF,0.44421768707483,0.704945300007239,m,4,0
184,170,moksen,none,0.514172335600907,0.8859016000060365,m,4,1
185,104,goont,none,0.6195918367346939,0.675316600012593,m,4,1
186,169,plin,none,0.31798185941043083,0.795015599927865,m,4,1
187,147,kuukt,none,0.4436734693877551,0.7631545000476763,m,4,1
188,35,margriet,LF,0.6709297052154195,0.7846820999402553,z,4,1
189,115,liek,none,0.4517687074829932,0.9179440999869256,m,4,1
190,39,sjalot,LF,0.5982312925170068,1.1174334000097588,m,4,0
191,192,megen,none,0.4841723356009071,0.984159899991937,z,4,0
192,187,gevupt,none,0.6875963718820862,0.8502885999623686,m,4,1
193,27,flans,LF,0.6479591836734694,0.9487956000957638,m,4,0
194,157,udel,none,0.35630385487528343,0.9432718999451026,m,4,1
195,50,gisten,LF,0.5466213151927438,0.7856174999615178,z,4,1
196,195,pirrel,none,0.36117913832199533,0.7339062000392005,m,4,1
197,24,wrongel,LF,0.5386848072562358,0.8026608000509441,m,4,0
198,128,kandola,none,0.5002040816326531,0.8804692999692634,m,4,1
199,88,werd,HF,0.4824263038548753,0.9986987999873236,m,4,0
